sentence_id	sentence
HVH_002_000001	新高韩安南地記AEHHO昔唐懿宗辰关有安南地置為郡縣帝思及超陀称帝乃命太史高為安南都護将往帝召入便殿謂日公学地理最精妙朕闻安南多天子之1贵地公当用力厭之一二具言形势庶便觀见聯至安南所過多名山大川書
HVH_002_000002	皆之解作奏書书惟傘圆山最靈厥不得而有奉書开列于左交州都護記本州地入局事章浮生司仰觀俯察未究天机然既叨承天詔敢不竭所見聞譯歌博春未知是否伏望H計一安南地形入局共壹百陸拾叁圖之京北陸拾柒圖内山西
HVH_002_000003	拾五圖山南叁拾蛋圖海陽五拾圖慈廉西湖正一旁二脉止西湖水中圆珠水漲而没水落而浮或隐或现如中穴安其上谷楼星都3此地以井钱三文应穴深下三尺見之用白酉方茶之陳先生守穴粉酒慈雲耕慈廉勝地落在雲
HVH_002_000004	耕正一旁四浚告五岳前布星西湖脱脉模水洪形4左右相刘主客相迎燕来氣世出科名旁有金射恐纪金典旁有水淡恐遣水刑6此地以百异钵二件立穴深於酉方祭之下四天見之陈先生守穴以白44+慈廉西儋正一旁二西信
HVH_002_000005	之地形们铺理形加半月助似珠連山烟内聚水聚前5生女拯贵生男不全只為水反祸福难言下五尺見之陳涉先此地川银手一两立穴深方茶之生守穴以白慈廉开洁关泪名卿形曲最强西湖引脉泾氣藏泼山降氣前水聚堂6搏
HVH_002_000006	龍换骨回虎俯江山来水就女貴男昌中世出科第代生保王若涛花假衬福相当此地以坦并錢八文立穴深下三尺見之陳陟方茶之先生守穴白於酉A。
HVH_002_000007	石室金蘭正一旁二金蘭水湾形乙字樣左右前泼弯環術相尾闭三门氣藏八将世出2恐生遊荡臣名魁黄榜若認不真此地以坦并铁钉一件立穴深下七尺見之守关方祭之穴神食黄糕黄粮石室大同巴中大同的是奇踪正一旁二
HVH_002_000008	聚山聚水重虎重虹穴従伞嶺地出圆8形道花辨色裹重穴居其内世出英雄恐傷童月不全令終童在酒方石室香义正一旁二香艾降世脉從右生前合两水凌起三停雄雌交度老嫩同行左右相对主容相迎文出科第武童五戎2恐
HVH_002_000009	逢反水不全合名言反水在方立穴深下六尺見之此地以石并銀子一两安朗理海正一旁三安朗理海形世最大氣隐脉乙冰山现城眉業生蚌女微形奇穴恢童排甲山虎0恐生態侍宫中男车困外虎水遇宫遇在辰方此地鄭遮先生守
HVH_002_000010	穴祭之以猪并白成方安樂安桃正一旁二安樂安排其形甚佳龍随虎代虎把爸来生迎客就下合上开犀牛望月老蚌合胎旗鼓哭列真11印钢安排身提将印位列武借勿向其殺恐或生灾殺謂戍方也白鹤安正一旁二白鹤安青山奇
HVH_002_000011	水家水主客相顧水尽山穷人貴合流群山回聚童弯環12謂方也財富只防脉尽祀無雨主深下八大见之陳全此地錢十九文立穴先生守穴以鲤鱼开黄粮白软丁方之中白鹤明街正一旁子白鹤明微奇形可称童虎重宜主客相登
HVH_002_000012	堂心精王案面铺袖13間生豪傑安出雲仍水去下七尺見之此地以否并钱五文立穴深白鹤慕周正一旁三白鹤暴周氣脉兼收左回右伏主迎客超群山低伏景水交流世出科第时生巨儒穴高莫厝财散人豪謂五方也'尺見之
HVH_002_000013	此地以北鉢三件立穴深下三4福1.白鹤安仲正一旁二邑中安伸地形包裹限首脉正真菌脉栽可左右两旁角山架如意之行從天而下AS出莫雄代生良佐若認不真恐生多衬謂大星在士方是也見之此地以银子二两立穴深下
HVH_002_000014	四尺七立石春雷正旁二立石春雷山来水回16水清山秀主迎客陪餘息立穴富贵如催大河脉引小河水勿向恶客恐生徒配謂在坤方L+0+安豊如月正一旁元安豊如月形世分别堂心珠含水口山截山長水長竜折虎拆1
HVH_002_000015	7淫水過官得人無别穴在垂餘世生豪傑此地以银子一两并钱五文立穴深下四尺見之范明先生守穴金猪白秋於子方祭之安豊蕉山安豊蕉山秀水章间正一旁三客山対峙主勘圆蟠金星出现水城蘭開18勿向反水仕中退脉息氣
HVH_002_000016	聚世出文官言在辰方。
HVH_002_000017	4安豊直護安典直護形世暴露正一旁二山高水深主迎客顾大水大山雄童雄虎19思宜出科名可文可武来割堂须此為可恶下七尺見之此地以石并錢五文立穴深東岸扶正一旁二扶乾真童從古法下萬水选回分明提锁陶出皇
HVH_002_000018	王陽生良佐20世短水逼速获速祸此地以石立穴深下三尺见之范興造先生守穴食猪并黑秋诊商方除之2'安豊安康正一旁三安豊安康形世最强龍虎蟠結主客相当浚山重豊前案周21穴裁息世出官即湘山下六尺見
HVH_002_000019	之此地以坦并钱七文立穴深東岸仙會正一旁四仙會之脉形似童蟠葫连水蛳堤山水逆山正穴墓山安22虎排武用童列文班不認反水任中退武止一代文必世官在辰方下九尺見之此地以石并錢八文立穴深東岸山巴山地形尖
HVH_002_000020	起三山正一旁四形如鳳曲似珠石骨結穴金星形弯客峯对味水城開蘭23上結一正下聚酒班或上或下業起重若認不寔恐生愚頑横童左然亦出高官深下五尺見之此地以在并银子一两立穴東岸花林正一旁四花林真形得其餘氣
HVH_002_000021	山行水行山止水止94堂心聚窝山形顿起禽形文官歌形武士或安竜腾或藏鳳文中科科武列元師两翼曲池亦至富貴深見之-此地以石立穴深下四尺4東岸河魯正一旁干河鲁真童形如舞鳯左翼抱来右翼拱向阴天山垂阳地
HVH_002_000022	水涨25或安嘴頭或藏頭上穴正形真世出弥相左右曲池亦科榜此地以石并坦立穴深下四尺见之東岸詠橋，正一旁二東岸泳橋地生两條烫逆水左泄顺山右朝後生超伏前客岩26父荣子贵意招邀意頭法是虎榜答標射射
HVH_002_000023	水泄過為官不起見之此地以坦并钱五文立深下四尺0+東岸古默正一旁四古默名卿形世平阳主客登过左右開張顺山未向逆水聚堂27墓逢餘烬悲见郎四水迥遠千金藏正出科甲旁出賢良謂辛脉也下四尺見之此地以
HVH_002_000024	石并银子一两立穴深仙进大為正一旁二眾山圆轉水透仙进大為形曲最奇堂心精五水口展旗童虎重叠主客追随28高山取息此地最宜出科第後前辉右水渗左亦恐生危仙进内裔僊进内裔其地可贵正一旁四左蟠右旋浚昴前
HVH_002_000025	峙脉结水藤山形顿起29生职科甲山麓草佳節灵生聖雖有重名只成一世十四仙逍古芝正一旁五仙进古芝水小溪明堂水聚玄武山虎水印竟應土基30垂出双榜後前輝但嫌勢薄不壽O+1桂锡東榆正一旁桂楊東
HVH_002_000026	榆氣脉妆藏教买列戈元兄弟交喜主客相求31去出名将權掌萬夫红旗高情朱远投只嫌反水恐辱他武江春雷，正一旁三春雷之地形似雲雷乾方山起共地水回主客清秀左32息世出名料右圆堆神童前立鬼倪後催穴墓餘金
HVH_002_000027	金.武江金堆正一旁三金堆真形山道水顺近水聚怀遠山生笋脉出于共水入于限33墓得其餘只防脉尽世出科名官联贵貴近十六武江平林平林脉結圆顧兼妆正一旁二童排方印带員味内城山降外曲水34穴藏中世掌
HVH_002_000028	台符但嫌曲薄位不久留.F武江大武正一旁二福中R大武降脉形曲蟠蛇山有丈韩水有沉浮35虎色意面水浸雀頭竜尘数岸虎带连珠兄弟俱美名位特優近临大小世出北丘贵绝祀勿向他求武江大正一二大捷奇形山藏旺氣
HVH_002_000029	前门廣開校室頓起龍虎雄强气脉兼場36居内認外形吊曲正只忌逼童恐嫌反水若認得真多出良士若認不直常生僭偽先福清水新福清水氣旺脉止正一旁于山八谷平陽地形頓超主客相迎兄弟交喜30山塑急人都且贵先
HVH_002_000030	福菜山新福古業此是名画正一旁三主山垂乳客業頭山支横内水润粘躯38龍虎重豐氣兼妆托山僑寓早擢名魁内有钢殺恐破家0''先福雲换正一旁三先福雲山谷平夷两洞街氣群蜜生支山形普水勘透迤39堂心積
HVH_002_000031	王平向土肥龍虎共投主客追道花心可下草尾可宜或裁两腋或安曲特世出科甲位列政机涧山内反慎广危洽和德勝德勝古形亦為奇異正一旁二山屈曲垂水蒙至聚水合流两砂粥氣40主客相登兄弟交喜或安童頭或裁鳳背地
HVH_002_000032	形甚佳科名阙美莫用冰单不長时貴鲁4金华藥山山吉地形世最强正一旁二氣脉藏聚山谷平阳童虎排列主客用張41穴居其内位近公王顺山來勘逆水聚堂穴安两腋戰当手真郎虎水泄過得失相当金蕉清闻正一旁五清风真
HVH_002_000033	意穴生奇性童生子孩堂开内外勘差歌形山若魚袋42少贵老全功成名遂印安分明上下交泰茶+金华同樂地有吉形美如同樂正一旁二童從水来虎随山托两水前交諸山後落43穴花心危科早擢照勝星晨异列城廊安越内
HVH_002_000034	正一旁三安越内宰四水逸城山界水止水引山行其形顿起其世寬平44载近水中進士各右砂蹲踞左水澄清只嫌世逼官不顕菜F。
HVH_002_000035	先福和山先福和山世寛形寬正一旁三主客登对竜虎弯山勘重宜水城開桶45穴裁除息位尉朝班鳳眼古蘭正一旁三十鳳眼名區古蘭勝地虎水百重竜山千峙山高水深主荣容美三門廣舒九户藏闭46陰中受陽顿中特起世
HVH_002_000036	出陰人大富贵1若認不真恐生詐偽方是也-.+F鳳眼别薊正一旁二鳳眼剿有形有世水進三岐山来千里八将氣藏三门风闭42生年架侵雲視池横水中是栽大起小止中反第名践登斗位外有间山未為全美鳳眼青霭
HVH_002_000037	正一旁三鳳眼青形奇穴惟灵靈平滩聚泳四水洋潮万神拱拜78虎列千岑童萬冰穴茎山餘椎專国外勿向反砂成中而败只嫌氣分家無思愛0右障阴礼正一旁二右彦明礼有形有助虎豊夕山童弯又水阳山垂陰砂童界氣49
HVH_002_000038	業起前宫山生鬼主客相登兄弟交喜勿向反竟恐生詐偽穴葬垂徐大业富贵具安勇廊山古勇即山勘竟形寛山垂乳下業连珠璜重龙重虎叠水叠山50名联国婿位列朝班圆客可展垂可安只防脉脱子豫為谁中0-安世睡山
HVH_002_000039	安造缠山世寬形寛正一旁六进莫出快靈绳下滩前後山峙左右山51堂心積玉水口镇峦或居中腹或居两膊扁頭可下葉尾可安極贵急庆世出高官勿向思客恐衬相干穴藏总腹二十五安世月山安世月山勘形重正一旁三意
HVH_002_000040	辉虎回主题客拱一氣弯環两旁奇年52氣聚山来脉随水送银带形膏形弓水效顿超藏门中门用垂乳可安息餘可望嫌有反砂亦生淫世出高官人生端重月山仙人東不同喜蒙山同喜蒙山形如歌竜蟠虎团主迎客向特世奇形真嶺
HVH_002_000041	叠障53安乳鼻中裁门頭上两腋可佳回脚可尚莫骑背肩财耗人荡文早登科武才名将大地十六嘉林古陽正一旁五脉從天德氣結竜池古陽贵地意真穴奇54工童劳直尽曲直取其曲瘦取其肥下竜曲曲尽直曲取其直修水者
HVH_002_000042	标此為怪穴極貴無疑男有爵土女出宫把水京族桂福祥永安葫蘆交贵+广嘉林古道正一旁二古道真形最為奇異虎水過来奇珠高時继虎微童运山逆水55室兒郎大业富贵平慶高藏長中短是裁得具飾名料多士童水反他
HVH_002_000043	仕中有止二十七嘉林亭輪正一二嘉林亭輪世正穴真山垂大室水聚元辰眾山會面萬水漂身56内安市藏氣外業朝墳有内有外有君有臣後嫌去水杞無人餘中取息世出将軍福+中嘉林古察正一旁二嘉林古条形世甚佳
HVH_002_000044	左江竜現右山虹桃竜頭外揖雀心内闹52苑洋軟處位列文谐脉至此軟氣至此胎蔡遇硬底祸亦重来金認水不真仕中退回嘉林底林正一旁三二十八花林貴童形如舞鳳玄武山垂明堂水涨58童虎回主迎客向外列三台内藏八将
HVH_002_000045	圆埠一裁名魁虎榜大水遇城悲生连荡滘水謂虎水也1嘉林九阜正一旁三九勝地曲止形品左依美住右伏细江两脉交度四水来崗59童回抱主荣客當顺山降气运水聚堂藏於起房定出贸良顿中一起起中可藏但嫌後水不
HVH_002_000046	向前江二十九嘉林古灵正一旁四古灵正脉出天然虎圆如意行若绿珥河右揖陂水左疆60脉出左畔安右边此為吉地亦生英贤只嫌右逼未為十全F善才破浪势出良才破浪正一旁二61旗糕萬水聚寓山拱向童水疆主客
HVH_002_000047	山饰金公相早耀危科位至圆金西金良才平均正一旁良才平均形真亢真乾山降氣共水流辰下则有合上则有分62垂餘立世出儒臣童虎相讓主客相親F+良才陶舍正一旁三良才陶舍形芳垂下虎托童来童随虎化水競蝦
HVH_002_000048	门闹单鎖63安竜脐世出良佐四水交流山包墨良才易侠正一旁三良才易使地形近似客就主迎毫虎器山皖水形水流乙字64節夕裁安世又科峯悲水流長他卿遠慮O+良才梁舍良才梁舍山世微平正一旁五65山顺水逆
HVH_002_000049	客就主迎堂心積王水口镇星陽童來脉陰童受形C穴居山乳世出公卿良才淡齊正一旁二邑中良才地出淡勘如蜗角脈似線灰水城織結山勘往来66左右蟠镜内外分開门中蒸穴位列文階+超類永世福超永世此為吉地正一旁
HVH_002_000050	二68業重童重山止勘止砚池含珠筆端漫水衣节若栽父子登弟超類亭祖正一膏二超亭祖亦有风土九曲統童数堆印虎天德後横运塘前顾68筆架侵雲視池潑雨科目早联兄弟举首只恐勘簿不享假+..超土正一旁
HVH_002_000051	四超数樂土氣脉相固大江後弯山前聚重砂得童叠助抱虎69主客相登无弟相顾一正若裁两傍着厝科目宜名实相副反水穿童官难进步三十四超频東胡正一旁三超须東胡此為名虎欣重畳音水紫天德栽脉世地连珠玄武山
HVH_002_000052	降明堂水超士登科榜位列公20乘餘氣富貴亦優勿謂水逼勿謂砂大地超大同超关大同水勘冲融正一旁二童江界脉虎砂断宫主安又右左重了Hf奇形異穴旺氣所士登甲第位列三公若遇反水此是流心文江金牛正一二金
HVH_002_000053	牛雨油形似犀牛遇絕則住見第而投大江面小溪回頭J右山顺去左水逆趋安腹下世掌真符若認不真瀛亦有榆1E享文江瀬渥瀬渥降脉形似蟠童正一五水星结局金牛自西至地自南至东前三五折後童两重OO73四方
HVH_002_000054	结脉穴在其中曲池左右富亦崇OO下意滕去有始無終O文江玉涉王涉真形金牛降氣正一旁二形生运花勘出手地前後领竜兄弟交喜24一水一山一顿一起王殿後横竜楼前峙花葉可安花心可贵凡為在官皆出同氣但嫌下童
HVH_002_000055	反行他是得此年住未為全美文江多牛正一旁二多牛贵童形似牛卧皎潔臺分明上下小溪索回大江開锁25或安腋中或安雕左男相将科女君王内虎反视女贵水文江古梅正一旁二三十七享古梅之前涧後网氯缠福地脈上從傍
HVH_002_000056	市闹亏漏穴在煙庄伏金之左世出侯王26外勘腾去恐在他方0F.文江黄堆正一旁二黄堆之脉多结日星山冬左右双对主客相逢山形顿起川字崩洪87恐竜水逼有始無終長中取短福慶重又文江曲弄正旁二三十曲喜
HVH_002_000057	降氣门藏蹤金星出脉美江连意28瘦山肥水位至侯封内防脱脉無子承宗蜂腰鹤膝隐在其中'号文江大幸正一大幸正脉金牛降精州纳氣金水成形上分下合后晴前明89勿踏横水恐貌人丁文科多士武总千兵文江如风正
HVH_002_000058	一旁二加鳳变形長铺缇翻遠虎回頭近童揖客左山有情右水養脉80腰處安我此為好格0F.+-吉足端拜正一旁二嘉定端拜形奇穴性山随水行水疆山外童尻相登主客相愛8前溪弓後与重盖地荒一寓名魁三代金若
HVH_002_000059	認不真成中有败嘉定平吴正一旁嘉定平吴形勘不孤山顺水运主迎客超水城統結山麻黄行82神童前立鬼使後扶士魁天下名播皇都口山射切忌水图恐多為累終隔無辜。
HVH_002_000060	E吉嘉加定湛露正一旁二嘉定湛露有此风土山従右来气随陰吐萬水前游眾山後護83安正前三客虎頭一顧近水粘身甲科首世薄形卓竜影水住恐在他卿不享遐壽青池光烈青池光秋潭水泄西正一旁四。
HVH_002_000061	五车十湖氣除藕还脉截山列排尚水流曲打水面印89浮潭心气结草尾花心木根衣節目認得真背废有穴文武並行籍不绝文擢名科武提铁水反路穿成中有减水在辰路在戍方也青池大阑正一旁二请池大蘭水城開榆模泾轉動
HVH_002_000062	回渊弯环白虎外踞青意内蟠88穴栽花葉世出高官四十青池古典正一二童藏古典隐隐难見水引山行山回水轉山縱水淀形扁勘局或定花心或栽花辨86生白屋郎中青钱送脉縱取横水深向浅落退官任無貴員I.青池
HVH_002_000063	古梅正一旁二青池黄梅平地一堆雪隆潭氣降汪水山横楼殿业超雲雷88主迎客就童踏虎回長中取短鬥中取凸武專外文预科料恐犯他殺布為自摧辰方火星是他殺也十三上福上福正一二邑名上福形勘辑續平面闸金堂心
HVH_002_000064	積王右江一弯左088世出科目虎水長江轴室見部流衬能拿福上福古贤穴定上福古贤正一旁四水聚回州主迎天然山垂圆乳89客就童回虎旋气藏入將脉會两边真竜细認中4氣泄末為十全位秩高遷只嫌00000
HVH_002_000065	青威中青成正一二四十四最奇水流四旺邑中青威形勘业起三歸脉藏右结法定左依90神童前立鬼使後隨名料多士脉尽承嗣無兒福禄永酒防青威古正一旁二青威古短形長樂筆架侵雲顿尖耀助降右害脉生左角g右水心
HVH_002_000066	横左山向托分明鼓旗吴列城京内世维佳外形近惠文占科科武事将幕祸起人招孽由自作H青威武陵青威武陵形勘可称正一二堂心積玉案面铺赠右江顺降左水逆升92土星落處吉地是憑近水繞遠山凌層若能認辨科目宜
HVH_002_000067	登00中青威生果正一旁四青威生果吉地亦可虎山竜圆意山虎化大埠藏形水93淡闹嶺博模為奇剪力裁量下早擢科名遠騰名價恐遇反水用中有舍彰德永正一幸德永侣其形近水去十似四勘高昂聚水低貯兄弟相登君
HVH_002_000068	99世联科牵壽考千相山取息餘年無天礼事彰德貢溪章德貢漢形曲可奇正一旁二立虎重壹主客迎随四山皆拱四水咸歸95砂生籍水會砚池高山取息富貴無步7S清广山戒四十七清意有贵山我為最好前見水合襟後
HVH_002_000069	96流右顺溪弯抱三横圉山覆帽左逆水乾共晓四维東西分四直来万水千山到贵兼夀考十道客星居水边富天子帝王中膠水横東正一旁二膠水横東的是奇踪主安又左右重又出林猛虎戲海连竜9g若遇反水不可令终公
HVH_002_000070	侯位列将帥權隆重脉结圆客享膠水茶正一二四十九龍蟠虎回左颜右視膠水茶缕奇形世異業托重山堂游水垂若栽名料世美1.00射水過來仕中有止9.2舒池内朗正一旁三百里山来千尋水漲舒池内朗有形有家000
HVH_002_000071	0000龍蟠虎回主迎客向後起楼前列屏帳1人中正若栽名魁虎榜印生童頭珠连上000位列尚書名联卿相脉尽勿安恐無生養五十東安淮澤正一旁二液澤真形朱降世水脉索回山形顿起儿将藏凤四面透水102牛江
HVH_002_000072	省竜玛河栽氣母子相逢主客相喜脉尽若栽恐無承嗣圆中藏大極貴.-東安平正一旁三邑中晋平此地為回索山回水轉主牛江曲折涟澤103土文擢料名中心山後方屏武叨爵就客迎水中圆印O泄氣恐絕人丁東安翁亭
HVH_002_000073	正一旁二翁亭之地氣降金牛山脉若尽水脉長流回竜顧祖北地為優104若能辨認世出公侯勿向反水恐出他州0'.天施平陵正一四天苑平陵最為奇異水脉索新山世顿起龍蟠虎回主荣安貝105皓潔庄臺交喜兄弟或安
HVH_002_000074	圆客或安餘氣图女出宫妃男耻团婚位列公侯機專将若遇休图女巫男鬼東安平湖正一旁二五十二地名平湖又水周流明堂聚玉水直外氣维收白虎連珠但嫌106义留文极贵不能00000中天施土黄正一旁四天施
HVH_002_000075	土黄地世平洋顺山来脉逆水聚堂蟠竜回虎前涧後岗10禽星逼水筆架臨江士中科第世出贤良但嫌反水為官不長天本高香正一旁二五十三天本高香形勘最强三山尖筆萬水聚堂世又科甲輔佐君王山来水聚女贵男昌108
HVH_002_000076	天本百穀正一旁三天本百穀氣聚脉穷文武並福慶重又大江開锁水引港中109但嫌路直有始無終0中天本安泰五十四110I唐安古印正一旁二古即真竜蟠旋屈曲前水洋朝後山起伏主客逢迎左右楼罐A中正
HVH_002_000077	一高曲池二局皆是真童極貴速若認不真灾夺福五十五青蘭神镜2O0112CO唐安古澤正一旁二古澤氣偏藏聚曲旋'内業脉結外世珠连遠山長速前安高研113女倍宫间男领将椎云富贵惟恐不全成一代未可
HVH_002_000078	永建五十六唐安慕泽正一旁二首澤名画形世兼妆前水栽脉楼山常回龍生片虎列三堆M4奇形惟穴向静中求安其职止世出名料OO-10唐安王局玉局垂山金星落水正一旁二水引山行山遇水止左蟠右旋主佳客美
HVH_002_000079	115木内安栽金水栽氣上实下高先官贵唐安明伦明倫腾地两脉垂頭正一学二五十七毫虎重量主容迎超山生圆凯水見明珠116奇形可見贵穴可求求灭水處名播皇都O1膠水檜溪正一旁二膠水檜溪地脉平夷童重宜主
HVH_002_000080	客追随前水交後山生板水城織結山勘透迤118文魁天下武童兵威但嫌水逼贵不久持118V山西寧山鳳凰正一旁四翼四水聚堂主荣客贵勘正宁山凰凰形如鳯翔两边聚发水在辰方M位至侯王辰方反水是为千涨水虎万
HVH_002_000081	宜岗穴居中级形昂三門開闊九戸閉藏竜不祥生守穴以辉魚黑犬炊之此地以石立穴深下八尺見之陳竟先五十九南昌富正二120-嘉福松正一方四嘉福長津正一旁三嘉福花舍正旁二嘉福良松氣旺所钟水弯乙学山国重
HVH_002_000082	下洪長津形匀均後山生鬼前水流辰長津花舍山屈曲下小溪蟠旋大江横道121下分兄第上合祖宗眾水聚脉雨水粘身内芳周旋外勢開锁科中甲第位列三公貧贱出貴偶尔遇居穴安虎头世出良佐巍山露德嗣無人锦江明四正一旁
HVH_002_000083	二多鸽四明山助實平堂心積王業面列屏山結脉四水皖城富有恒産贵占科名锦江平浪正一二多锦平浪僅有形象市闹煙庄江流水涨下龍朝上童顺向中正可依傍下伏士中甲科官耻内相财山不来清贪可尚横脉若裁子孫難餐永多儀
HVH_002_000084	水弯环山屈曲垂主业客就意化虎过業頭山峙堂心水122穴藏除乱位列正机其间氣泄只恐点见长津社松的是奇踪面前交以背後生岸江流白虎水青意世出科甲位列侯公嘉林社松正一旁二青沔不挠轴花闲青沔黄次械眉山E4H 
HVH_002_000085	NAH永仁者正旁二永仁者形象色水弯環流山屋曲下潮進連後英雄佳坐男中魁科女联帝医出公卿代
